Date,Closing Price,Volume,Open Price,Closing Price 1 Day Ago,High Price,Low Price
10-04-2023,338.99,2650954,335.27,339.33,339.88,333.36
06-04-2023,339.33,4660542,339.34,342.35,340.48,332.63
05-04-2023,342.35,4205545,345.3,346.75,345.43,336.2526
04-04-2023,346.75,3298072,348.49,348.28,349.8,343.95
03-04-2023,348.28,4413650,341.83,345.48,348.58,340.4001
31-03-2023,345.48,5610161,340.05,338.43,345.84,337.2001
30-03-2023,338.43,7131468,340.2699,332.03,343.29,335.3
29-03-2023,332.03,6287336,326.29,323.52,332.85,325.73
28-03-2023,323.52,6489388,326.06,327.66,333.32,321.28
27-03-2023,327.66,8625763,327.55,328.39,336.44,324.41
24-03-2023,328.39,13004085,320.63,320.37,331.83,320.63
23-03-2023,320.37,15653347,304.68,293.9,322.78,304.14
22-03-2023,293.9,5808035,306.31,305.79,306.45,293.54
21-03-2023,305.79,4886279,306.32,305.13,307.92,300.43
20-03-2023,305.13,5113430,299.79,303.5,307.5,296
17-03-2023,303.5,6918777,310.06,310.06,310.76,300
16-03-2023,310.06,7912371,304.75,303.79,316.6,301.71
15-03-2023,303.79,9215340,292.51,294.94,306.31,292.28
14-03-2023,294.94,5956692,295.97,293.51,297.45,290.31
13-03-2023,293.51,6292385,287.34,292.76,299.24,285.3301
10-03-2023,292.76,5759315,297.905,297.78,298.79,289
09-03-2023,297.78,7443350,312.08,311.79,312.51,294.88
08-03-2023,311.79,3479474,309.29,308.47,311.83,305.75
07-03-2023,308.47,4553082,312.675,312.03,314.3,306.6226
06-03-2023,312.03,5660743,317,315.18,323.3,311.8412
03-03-2023,315.18,5953319,315.45,311.88,317.49,310.82
02-03-2023,311.88,4921053,310.96,313.48,315.57,310.38
01-03-2023,313.48,4911311,321.55,322.13,326.6,312.36
28-02-2023,322.13,3676075,323.7,323.03,327.62,321.17
27-02-2023,323.03,6142580,323.87,317.15,330,322.121
24-02-2023,317.15,6830692,319.3,323.65,321.5,314.52
23-02-2023,323.65,13238673,331.23,334.88,331.28,314.3
22-02-2023,334.88,4546249,337.5,337.5,341.91,332.82
21-02-2023,337.5,5710292,342.85,347.96,344.1253,336.4177
17-02-2023,347.96,5294727,347.905,350.71,349,342.44
16-02-2023,350.71,5215726,355,361.42,361.5,350.31
15-02-2023,361.42,3969945,356.63,359.96,362.88,354.24
14-02-2023,359.96,4624758,357.55,358.57,363.75,353.4
13-02-2023,358.57,7134445,349.5,347.36,359.7034,344.25
10-02-2023,347.36,7291096,359.16,362.5,362.14,347.14
09-02-2023,362.5,6901100,372.41,366.83,373.83,361.7444
08-02-2023,366.83,6253179,360.02,362.95,368.193,358.31
07-02-2023,362.95,6289368,358.51,361.48,364.1799,354.18
06-02-2023,361.48,4994942,363.642,365.9,368.45,360.68
03-02-2023,365.9,9402034,359.08,366.89,379.4301,359
02-02-2023,366.89,7856952,365.16,361.99,368.32,358.43
01-02-2023,361.99,8005170,353.86,353.86,365.385,349.91
31-01-2023,353.86,5660738,349.98,353.11,355.95,348.71
30-01-2023,353.11,5127593,358.44,360.77,360.95,352.855
27-01-2023,360.77,6703548,363.2,364.87,365.92,360.59
26-01-2023,364.87,8256844,368.77,367.96,369.02,361.7
25-01-2023,367.96,7766907,360.57,363.83,368.8999,358.501
24-01-2023,363.83,11796528,357.53,357.42,365.65,355.1401
23-01-2023,357.42,15646853,341.715,342.5,362.2453,340.6329
20-01-2023,342.5,28430340,336.79,315.78,344,332.625
19-01-2023,315.78,18008196,322.57,326.33,324.89,313.39
18-01-2023,326.33,7814115,326.75,326.22,330.08,321.25
17-01-2023,326.22,9246987,331.08,332.82,332.5,323.6
13-01-2023,332.82,8286816,329.97,330.13,336.65,328.885
12-01-2023,330.13,10856246,332.5,327.26,332.95,323.14
11-01-2023,327.26,9579681,326.5,327.54,328.88,321.35
10-01-2023,327.54,13072286,311.07,315.17,329.35,311.07
09-01-2023,315.17,6766628,316.83,315.55,321.7,313.22
06-01-2023,315.55,8959839,311.57,309.7,316.77,303.69
05-01-2023,309.7,8328390,307,309.41,314.18,304.545
04-01-2023,309.41,9345054,298.24,294.95,311.135,295.51
03-01-2023,294.95,6763964,298.06,294.88,298.39,288.7
30-12-2022,294.88,7566892,285.53,291.12,295.01,283.22
29-12-2022,291.12,9588527,283.18,276.88,295.4999,281.01
28-12-2022,276.88,5964369,281.92,284.17,285.19,273.41
27-12-2022,284.17,5778098,293.19,294.965,293.57,282.13
23-12-2022,294.965,4251108,296.18,297.75,298.4614,291.91
22-12-2022,297.75,7856192,298.09,297.96,298.88,290.8131
21-12-2022,297.96,6376173,289.99,288.19,300.66,286.5
20-12-2022,288.19,6918114,281.24,288.3,289.28,280.81
19-12-2022,288.3,6163667,289.73,290.71,292.25,286.13
16-12-2022,290.71,14080045,288.76,290.41,294.7199,288.7
15-12-2022,290.41,17724556,302.12,317.83,303.39,286.55
14-12-2022,317.83,7543291,318.97,320.34,324.71,314.42
13-12-2022,320.34,10756428,328,315.18,332.7236,317.199
12-12-2022,315.18,10148614,320,320.01,323.18,308.85
09-12-2022,320.01,14364032,321.45,310.26,329,319.52
08-12-2022,310.26,7205326,309.11,308.42,312.38,304.8098
07-12-2022,308.42,7821634,306.5,305.56,309.61,302.1
06-12-2022,305.56,7195395,311,312.59,313.2231,303.13
05-12-2022,312.59,8423029,316.46,320.41,322.77,310.92
02-12-2022,320.41,12690602,310.49,316.95,321.99,310
01-12-2022,316.95,14664866,303.99,305.53,319.8,303.03
30-11-2022,305.53,16070120,281.37,280.96,308.26,280.41
29-11-2022,280.96,5786874,282.5,281.17,282.96,275.94
28-11-2022,281.17,4707049,284,285.54,289.55,280.53
25-11-2022,285.54,3235953,289,291.5,289.21,284.17
23-11-2022,291.5,5918988,285.91,286.69,292.47,283.76
22-11-2022,286.69,6245119,284.99,285.05,286.98,277.34
21-11-2022,285.05,7256507,291,287.98,291.87,282.66
18-11-2022,287.98,8400108,297.33,295.28,298,287
17-11-2022,295.28,9838220,294.72,306.02,299.82,291
16-11-2022,306.02,8038556,309.94,310.2,310.49,303.61
15-11-2022,310.2,14626932,309.2,299.27,312.71,302.55
14-11-2022,299.27,17973398,290,290.13,311,288.19
11-11-2022,290.13,9573834,274.47,274.97,290.66,271.5577
10-11-2022,274.97,9667323,265.99,254.66,275.36,260.0901
09-11-2022,254.66,7265994,259.66,263.46,260.9,254.2202
08-11-2022,263.46,7683826,259.92,258.6,266.08,256.8801
07-11-2022,258.6,7927033,261.06,260.79,261.155,252.09
04-11-2022,260.79,11124694,272.02,269.06,274.97,255.32
03-11-2022,269.06,7057350,271.25,273,276.29,268.8
02-11-2022,273,10367620,286.4,286.75,287.33,272.84
01-11-2022,286.75,6916424,296.17,291.88,299.7,286.42
31-10-2022,291.88,7505133,295.13,295.72,297.6199,289.5
28-10-2022,295.72,9960547,297.7,296.94,301.19,292.2924
27-10-2022,296.94,14612586,298.33,298.62,305.21,294.78
26-10-2022,298.62,15749252,290.04,291.02,305.63,288.04
25-10-2022,291.02,15100718,286.95,282.45,297.59,285.5501
24-10-2022,282.45,13326418,290.23,289.57,290.49,280.36
21-10-2022,289.57,24889056,268.95,268.16,290.75,265.68
20-10-2022,268.16,17207104,272.78,272.38,278.3755,266.38
19-10-2022,272.38,46685256,265,240.86,279.3,262.66
18-10-2022,240.86,25776732,249.8,245.1,250.37,237.73
17-10-2022,245.1,21057824,234.41,230,249.9221,234.4
14-10-2022,230,15293400,237.8,232.51,238.8,229.51
13-10-2022,232.51,17505012,212.69,220.87,234.47,211.73
12-10-2022,220.87,12952643,214.3,214.29,223.67,212.64
11-10-2022,214.29,15282411,226.05,229.98,230.44,213.7
10-10-2022,229.98,9991145,225.64,224.75,233.83,224.23
07-10-2022,224.75,9806128,235.77,240.02,237.33,224.28
06-10-2022,240.02,9188940,236.68,236.73,244.28,233.9101
05-10-2022,236.73,10825633,238.76,240.74,241.59,227.38
04-10-2022,240.74,13925854,244.84,239.04,245.7999,233.25
03-10-2022,239.04,8657443,237.85,235.44,241.54,232.85
30-09-2022,235.44,11848607,237,239.71,242.44,233.26
29-09-2022,239.71,18994944,241.61,245.2,246.98,235.68
28-09-2022,245.2,17579670,229.69,224.36,246.65,227.38
27-09-2022,224.36,7762223,228.63,224.07,230.64,220.72
26-09-2022,224.07,8234285,225.6,226.41,232.7,223.01
23-09-2022,226.41,11207228,235.14,237.05,236.4499,221.43
22-09-2022,237.05,10017965,235.35,236.87,240.5,231.66
21-09-2022,236.87,9166772,242.67,242.85,248.2999,236.68
20-09-2022,242.85,16037431,240.37,243.63,250.49,239.66
19-09-2022,243.63,17912370,245.05,240.13,245.25,235.75
16-09-2022,240.13,18914176,231.22,235.38,241.355,227.83
15-09-2022,235.38,19454122,230.47,224.12,242.2871,229.1
14-09-2022,224.12,8230340,219.82,218.13,228,215.8
13-09-2022,218.13,8000128,226.5,236.53,227.69,217.72
12-09-2022,236.53,6047425,233.61,233.57,239.49,233.37
09-09-2022,233.57,6702060,229.62,227.44,234.7799,229.62
08-09-2022,227.44,6737436,224.16,228.96,228.735,221.3
07-09-2022,228.96,8149329,220.21,218.39,229.33,218.2681
06-09-2022,218.39,7469016,225.59,226.11,226.85,214.69
02-09-2022,226.11,8164883,231.03,230.04,233.8814,225.04
01-09-2022,230.04,7292917,220.72,223.56,230.37,219.47
31-08-2022,223.56,8615906,227,220.65,233.8787,223.43
30-08-2022,220.65,5740434,226.66,224.57,229.79,218.74
29-08-2022,224.57,7109397,221.93,223.28,229.87,221.52
26-08-2022,223.28,5349848,233.625,233.98,236.95,223.15
25-08-2022,233.98,3766867,230.24,229.61,234.16,229
24-08-2022,229.61,5426316,225.66,224.55,234.1,223.94
23-08-2022,224.55,5276945,226.46,226.54,229.9,224.3
22-08-2022,226.54,8630094,232.55,241.16,233.475,224.59
19-08-2022,241.16,7504707,240.95,245.17,243.29,235.68
18-08-2022,245.17,5280387,241.96,241.15,246.4794,239.2801
17-08-2022,241.15,5627224,241.18,245.69,244.24,237.56
16-08-2022,245.69,5136806,247.16,249.11,249.29,244.03
15-08-2022,249.11,6527391,248.11,249.3,251.99,247.51
12-08-2022,249.3,6098531,244.81,242.7,249.41,243.76
11-08-2022,242.7,8780062,244.68,244.11,251.62,241.51
10-08-2022,244.11,9254760,236.99,229.94,244.54,236.5958
09-08-2022,229.94,6181194,231.62,233.49,232.1999,224.65
08-08-2022,233.49,10997409,227.49,226.78,241.9599,226.41
05-08-2022,226.78,5539733,225.3,229.91,228.62,222.87
04-08-2022,229.91,7142741,227.68,226.73,232.07,225.05
03-08-2022,226.73,6400701,224.79,221.42,228.1,222.42
02-08-2022,221.42,6361327,222.76,226.21,228.2,220.88
01-08-2022,226.21,5525044,223.095,224.9,228.39,221
29-07-2022,224.9,9064937,223.29,226.02,230.75,222.4
28-07-2022,226.02,8972738,224.6,226.75,228.1,219.67
27-07-2022,226.75,10508385,216.48,213.91,227.78,214.58
26-07-2022,213.91,9508532,216.66,218.51,219.39,211.64
25-07-2022,218.51,10935247,221.31,220.44,225.23,216.35
22-07-2022,220.44,17805452,222.38,223.88,229.35,218.44
21-07-2022,223.88,23430116,214.3,216.44,224.32,211.5
20-07-2022,216.44,53920264,208.17,201.63,216.9699,200.1
19-07-2022,201.63,28178716,193.02,190.92,201.97,188.4
18-07-2022,190.92,16322845,192.5,189.11,199.67,189.8
15-07-2022,189.11,16319116,175.58,174.78,189.22,174.56
14-07-2022,174.78,9039457,175.56,176.56,177.52,171.82
13-07-2022,176.56,12734421,170.5,174.45,179.18,169.702
12-07-2022,174.45,6845264,177.33,177.34,179.7839,173.42
11-07-2022,177.34,6048447,184.73,186.975,184.99,176.89
08-07-2022,186.975,5835680,186.02,189.27,189.91,182.75
07-07-2022,189.27,6334545,184.27,184.06,190.21,183.5
06-07-2022,184.06,5753385,185.2,185.88,186.22,180.82
05-07-2022,185.88,7339023,176.28,179.95,185.92,172.6801
01-07-2022,179.95,5201583,176.49,174.87,180.1,174.27
30-06-2022,174.87,7894710,177.07,178.36,179.45,170.3
29-06-2022,178.36,5766847,179.55,179.6,180.665,175.1
28-06-2022,179.6,7201897,189.2,189.14,192.2,179.37
27-06-2022,189.14,8363879,191.77,190.85,191.78,182.39
24-06-2022,190.85,12423974,183.5,181.71,191.19,181.84
23-06-2022,181.71,9538226,180.5,178.89,182.76,175.87
22-06-2022,178.89,12010615,170.75,170.91,182.82,170.2
21-06-2022,170.91,12177592,177.6,175.51,178.6189,169.8
17-06-2022,175.51,12133372,173.63,173.35,179.65,173.34
16-06-2022,173.35,8201306,174,180.11,176.27,171.56
15-06-2022,180.11,12396041,169.258,167.54,183.845,168.53
14-06-2022,167.54,11555323,169.75,169.69,172.0622,164.28
13-06-2022,169.69,10222407,177.07,182.94,179.09,168.9571
10-06-2022,182.94,13074280,182.64,192.77,185.86,180.85
09-06-2022,192.77,6948967,200.65,202.83,201.69,192.54
08-06-2022,202.83,7244121,197.95,198.61,207.38,197.64
07-06-2022,198.61,4839491,194.87,197.14,199.6,193
06-06-2022,197.14,5372043,202.09,198.98,203.87,195.38
03-06-2022,198.98,7191775,200.14,205.09,202.95,198.05
02-06-2022,205.09,9623121,192.02,192.91,205.47,191.72
01-06-2022,192.91,8416151,198.7,197.44,202.74,191.6606
31-05-2022,197.44,11398460,196.18,195.19,199.95,190.8
27-05-2022,195.19,8585987,193.19,191.4,195.25,190.3722
26-05-2022,191.4,8049933,186.49,187.83,192.3402,183.0916
25-05-2022,187.83,8522092,180.28,180.34,188.87,180.17
24-05-2022,180.34,7706372,182,187.44,184,177.17
23-05-2022,187.44,9602027,186.15,186.35,187.66,177.89
20-05-2022,186.35,10429396,185.8665,183.48,190.19,179.77
19-05-2022,183.48,10448513,178.045,177.19,186.3,175.71
18-05-2022,177.19,9665632,186.72,190.56,187.7,176.27
17-05-2022,190.56,9876685,189.17,186.51,191.4,185.17
16-05-2022,186.51,16145011,193.3,187.64,195.89,185.7
13-05-2022,187.64,13136334,177.16,174.31,187.77,176.01
12-05-2022,174.31,17662118,163.96,166.37,177.58,162.71
11-05-2022,166.37,12665518,176.09,177.66,180.92,165.55
10-05-2022,177.66,13883905,176.01,173.1,181.8712,170.57
09-05-2022,173.1,14031327,177.655,180.97,183.2,172.3
06-05-2022,180.97,17185476,186.75,188.32,187.21,175.81
05-05-2022,188.32,13971326,200.45,204.01,200.71,186
04-05-2022,204.01,12218781,197.65,199.87,204.38,191.01
03-05-2022,199.87,11839431,198.29,199.46,203.2,194.77
02-05-2022,199.46,14591602,191.71,190.36,200.2141,190.01
29-04-2022,190.36,16391889,198.68,199.52,204.71,190
28-04-2022,199.52,21363162,191.56,188.54,201.48,185.6
27-04-2022,188.54,22298394,194.005,198.4,200.19,187.77
26-04-2022,198.4,20318088,208.8,209.91,209.15,198.2773
25-04-2022,209.91,28152044,213.81,215.52,216.66,204.51
22-04-2022,215.52,37515128,220.18,218.22,226.27,210.05
21-04-2022,218.22,53501604,220,226.19,227.68,211.52
20-04-2022,226.19,133387480,245.2,348.61,248.7,212.51
19-04-2022,348.61,20906884,333.22,337.86,351.68,333.22
18-04-2022,337.86,5105041,340,341.13,342.36,331.615
14-04-2022,341.13,4343837,350.95,350.43,352,339.86
13-04-2022,350.43,3230950,343.92,344.1,352,341.155
12-04-2022,344.1,3824261,355.91,348,359.41,342.25
11-04-2022,348,3777096,350,355.88,354.78,345.2
08-04-2022,355.88,4025183,361.96,362.15,362.5,354.865
07-04-2022,362.15,4948909,365,368.35,368.54,353.6897
06-04-2022,368.35,4354885,374.15,380.15,376.4699,362.73
05-04-2022,380.15,4234508,389.3,391.5,390,377.305
04-04-2022,391.5,7009235,373.55,373.47,396.02,373.13
01-04-2022,373.47,4644237,376.8,374.59,380.87,368.5
31-03-2022,374.59,4134720,383.59,381.47,384,373.61
30-03-2022,381.47,4023301,389.55,391.82,392.7,378.625
29-03-2022,391.82,5880723,384.39,378.51,396.5,380.33
28-03-2022,378.51,4323435,375.23,373.85,380.28,366.73
25-03-2022,373.85,3575953,377.07,375.71,377.64,366.43
24-03-2022,375.71,3888461,379.76,374.49,379.76,368.9
23-03-2022,374.49,3728954,379.77,382.92,382.46,374.49
22-03-2022,382.92,4242762,371.14,374.59,386.66,366.76
21-03-2022,374.59,4866463,378.02,380.6,381.82,368.94
18-03-2022,380.6,8324825,372,371.4,381.8,368.47
17-03-2022,371.4,5818348,359.7,357.53,373.31,354.88
16-03-2022,357.53,6982469,348.2,343.75,359.99,343.06
15-03-2022,343.75,5460640,335.1,331.01,345.36,332.36
14-03-2022,331.01,5907817,338.72,340.32,341.32,329.82
11-03-2022,340.32,4819925,361.19,356.77,363.36,340
10-03-2022,356.77,4807767,356.2,358.79,367.02,353.3
09-03-2022,358.79,6520186,357.685,341.76,364.14,350.5089
08-03-2022,341.76,6428655,349.8,350.26,358.86,340.67
07-03-2022,350.26,5708383,360.41,361.73,361.995,350.2
04-03-2022,361.73,5329180,368,368.07,374.8186,357.17
03-03-2022,368.07,6076836,386,380.03,386.12,364.65
02-03-2022,380.03,5356809,388.93,386.24,389.22,375.21
01-03-2022,386.24,3290439,391.6,394.52,395,383.705
28-02-2022,394.52,5035046,387.33,390.8,397.75,382.13
25-02-2022,390.8,4841636,386.61,390.03,391.29,375.58
24-02-2022,390.03,7068724,355.09,367.46,390.73,354.72
23-02-2022,367.46,4614290,382.72,377.38,386,366.66
22-02-2022,377.38,6697515,388.95,391.29,392.42,373.02
18-02-2022,391.29,6801668,392.53,386.67,402.87,389.0466
17-02-2022,386.67,4669222,394.235,398.08,399.11,385.7
16-02-2022,398.08,5277650,401.53,407.46,401.56,390.3842
15-02-2022,407.46,5395641,403.79,396.57,409.1619,401.01
14-02-2022,396.57,7202155,387.59,391.31,409.36,386.891
11-02-2022,391.31,7558939,405.33,406.27,411.6103,387.65
10-02-2022,406.27,8452915,402.1,412.89,408,396.36
09-02-2022,412.89,7738227,408.65,403.53,412.98,398.79
08-02-2022,403.53,6818543,398.18,402.1,406.61,395.83
07-02-2022,402.1,8232859,410.17,410.17,412.35,393.55
04-02-2022,410.17,7789798,407.31,405.6,412.77,396.6391
03-02-2022,405.6,9905210,421.44,429.48,429.26,404.28
02-02-2022,429.48,14346010,448.25,457.13,451.98,426.48
01-02-2022,457.13,22568100,432.96,427.14,458.48,425.5401
31-01-2022,427.14,20047452,401.97,384.36,427.7,398.2
28-01-2022,384.36,11966605,386.76,386.7,387,372.08
27-01-2022,386.7,24324748,382.06,359.7,394.8,378.1
26-01-2022,359.7,12683981,378.27,366.42,382.66,356.62
25-01-2022,366.42,15145816,379.14,387.15,387.71,365.13
24-01-2022,387.15,32386782,383.91,397.5,387.26,351.46
21-01-2022,397.5,58904264,400.425,508.25,409.1499,379.99
20-01-2022,508.25,12658993,517.7498,515.86,526.64,506.93
19-01-2022,515.86,4353508,515,510.8,523.21,510.51
18-01-2022,510.8,4844418,520.08,525.69,521.75,508.68
14-01-2022,525.69,7861109,517.6,519.2,538.37,511.88
13-01-2022,519.2,4475063,537.06,537.22,540.79,518.26
12-01-2022,537.22,3787372,544.27,540.84,544.27,532.02
11-01-2022,540.84,3077836,536.99,539.85,543.91,530.07
10-01-2022,539.85,4486145,538.49,541.06,543.69,526.32
07-01-2022,541.06,3382873,549.46,553.29,553.43,538.2175
06-01-2022,553.29,5711795,554.34,567.52,563.36,542.01
05-01-2022,567.52,4148749,592,591.15,592.84,566.88
04-01-2022,591.15,4393135,599.91,597.37,600.4099,581.6
03-01-2022,597.37,3068808,605.61,602.44,609.99,590.56
31-12-2021,602.44,1995918,610.01,612.09,614.075,602.05
30-12-2021,612.09,1625093,612.99,610.54,620.61,611.2401
29-12-2021,610.54,1287513,610.71,610.71,613.98,604.68
28-12-2021,610.71,1884116,614.95,613.12,618.41,609.69
27-12-2021,613.12,2062233,615,614.09,615,609.25
23-12-2021,614.09,1621146,616.4,614.24,616.88,607.57
22-12-2021,614.24,2335745,603.36,604.92,614.82,602.63
21-12-2021,604.92,2319390,597.5434,593.74,607.82,593.8611
20-12-2021,593.74,3358404,586.43,586.73,602.8847,584.26
17-12-2021,586.73,4433706,591.61,591.06,593.25,581.74
16-12-2021,591.06,3143217,597.09,605.04,602.8308,588
15-12-2021,605.04,2866196,598.18,597.99,605.69,584.51
14-12-2021,597.99,2984536,598.71,604.56,602.29,588.13
13-12-2021,604.56,2517915,612,611.66,612.64,599.52
10-12-2021,611.66,2748774,616.78,611,617.74,605.88
09-12-2021,611,2376321,627.58,628.08,630.24,610.44
08-12-2021,628.08,2220308,630,625.58,632.455,623.2
07-12-2021,625.58,3125190,619.83,612.69,628.89,611.4
06-12-2021,612.69,3075672,606.01,602.13,617.29,601
03-12-2021,602.13,4829282,622.75,616.47,625.5,594
02-12-2021,616.47,3331131,617.1,617.77,625.36,612.88
01-12-2021,617.77,3897019,649.48,641.9,654.52,617.07
30-11-2021,641.9,5608919,668.1975,663.84,675.38,640.01
29-11-2021,663.84,2529364,663.2,665.64,667.99,658.29
26-11-2021,665.64,2872513,675,658.29,676.405,660.67
24-11-2021,658.29,1867282,658.01,654.06,661.44,651.1
23-11-2021,654.06,2320917,658.18,659.2,666.43,646.05
22-11-2021,659.2,2765318,676.02,678.8,679.48,656.47
19-11-2021,678.8,2614852,692.35,682.02,694.16,675
18-11-2021,682.02,2014992,691.61,691.69,691.74,679.735
17-11-2021,691.69,2732831,690,687.4,700.9894,686.09
16-11-2021,687.4,2077387,678.27,679.33,688.3599,676.9
15-11-2021,679.33,2872186,681.235,682.61,685.2599,671.49
12-11-2021,682.61,4198410,660.01,657.58,683.34,653.82
11-11-2021,657.58,2868311,650.24,646.91,665.82,649.705
10-11-2021,646.91,2405785,653.01,655.99,660.3306,642.11
09-11-2021,655.99,2415630,653.7,651.45,660.5,650.52
08-11-2021,651.45,2887523,650.29,645.72,656,643.79
05-11-2021,645.72,5283488,663.97,668.4,665.64,645.01
04-11-2021,668.4,4865023,685.89,688.29,685.94,665.5
03-11-2021,688.29,2334852,677.27,677.72,689.39,677.27
02-11-2021,677.72,3888597,683.11,681.17,687.68,673.82
01-11-2021,681.17,3110911,689.06,690.31,689.97,676.54
29-10-2021,690.31,3825279,673.06,674.05,690.9699,671.24
28-10-2021,674.05,2859409,670.9493,662.92,676.8,668.03
27-10-2021,662.92,2276914,669,668.52,671.41,661.85
26-10-2021,668.52,2904840,673.76,671.66,676.4899,662.77
25-10-2021,671.66,3833526,663.74,664.78,675.88,657.07
22-10-2021,664.78,6186016,651.81,653.16,665.46,651.81
21-10-2021,653.16,8437070,628.89,625.14,654.01,628.65
20-10-2021,625.14,10621997,625.5728,639,637.4,617.15
19-10-2021,639,7633147,636.969,637.97,641,632.3
18-10-2021,637.97,4669071,632.1,628.29,638.41,620.5901
15-10-2021,628.29,4116874,638,633.8,639.42,625.16
14-10-2021,633.8,2672535,632.23,629.76,636.88,626.79
13-10-2021,629.76,2424638,632.1791,624.94,632.1791,622.1
12-10-2021,624.94,3227349,633.02,627.04,637.655,621.99
11-10-2021,627.04,2862470,633.195,632.66,639.42,626.78
08-10-2021,632.66,3272093,634.165,631.85,643.8,630.86
07-10-2021,631.85,3556886,642.2252,639.1,646.84,630.45
06-10-2021,639.1,4580434,628.18,634.81,639.8699,626.36
05-10-2021,634.81,9534293,606.94,603.35,640.39,606.89
04-10-2021,603.35,4995932,613.39,613.15,626.125,594.68
01-10-2021,613.15,4090847,604.24,610.34,614.99,597.505
30-09-2021,610.34,6616040,608.05,599.06,619,608.05
29-09-2021,599.06,6221026,589.01,583.85,609.8799,588.01
28-09-2021,583.85,4431051,589,592.64,599.5353,580.16
27-09-2021,592.64,2504738,587.95,592.39,593.58,576.93
24-09-2021,592.39,2126246,592.5,593.26,592.98,583.64
23-09-2021,593.26,2526161,590.79,590.65,599.32,589.1301
22-09-2021,590.65,4021845,579.69,573.14,595.65,579.69
21-09-2021,573.14,2250884,578.31,575.43,581.88,569.37
20-09-2021,575.43,3732227,586.79,589.35,591.53,568.08
17-09-2021,589.35,4145145,587.85,586.5,590.28,580.8501
16-09-2021,586.5,1832028,584.3,582.87,587.48,577.72
15-09-2021,582.87,2755615,578.17,577.76,584.62,575.37
14-09-2021,577.76,3456958,584.89,589.29,587.28,575.56
13-09-2021,589.29,3062871,598.57,598.72,598.57,582.775
10-09-2021,598.72,3950764,598.16,597.54,609.45,593.67
09-09-2021,597.54,2954214,606.47,606.05,609.44,596.55
08-09-2021,606.05,5424503,603.84,606.71,615.6,595.71
07-09-2021,606.71,5830979,594.69,590.53,613.85,593.99
03-09-2021,590.53,2684005,585.8,588.55,591.8783,583.14
02-09-2021,588.55,6184782,583.68,582.07,598.7567,583.68
01-09-2021,582.07,5626214,569,569.19,591,569
31-08-2021,569.19,2431886,566.12,566.18,569.48,561.611
30-08-2021,566.18,2434839,557.25,558.92,567.1648,556.45
27-08-2021,558.92,3252595,551.6,550.12,564.17,549.25
26-08-2021,550.12,1595499,546.16,547.58,552.604,545.9
25-08-2021,547.58,2065621,550.16,553.41,552.84,545.45
24-08-2021,553.41,2109525,551.484,553.33,555.3141,549.27
23-08-2021,553.33,2602010,545.98,546.88,555.55,543.74
20-08-2021,546.88,3776429,545.09,543.71,551.3883,539.1
19-08-2021,543.71,7497292,522.74,521.87,548.39,521.87
18-08-2021,521.87,2582046,520,518.91,526.38,518.65
17-08-2021,518.91,2309803,515.465,517.92,520.79,514.2
16-08-2021,517.92,2033176,515.24,515.92,523.38,512.3
13-08-2021,515.92,2177736,512.64,510.72,521.44,511.51
12-08-2021,510.72,1686170,511.86,512.4,513,507.2014
11-08-2021,512.4,1673904,517,515.84,519.57,509.77
10-08-2021,515.84,1960544,520,519.97,520.79,512.965
09-08-2021,519.97,1367782,521.1469,520.55,522.6699,517.99
06-08-2021,520.55,1919798,524,524.89,526.84,519.39
05-08-2021,524.89,2556687,517.13,517.35,525.41,514.02
04-08-2021,517.35,2039374,513,510.82,517.98,510.37
03-08-2021,510.82,2579427,514.39,515.15,515.63,505.37
02-08-2021,515.15,2096632,519,517.57,519.85,510.51
30-07-2021,517.57,2537107,512.69,514.25,519.79,510.9642
29-07-2021,514.25,1736014,519.96,519.3,520.7799,513.7927
28-07-2021,519.3,2390466,521.82,518.91,524.47,516.98
27-07-2021,518.91,2759037,518.08,516.49,521.95,512.05
26-07-2021,516.49,2254538,514.38,515.41,521.13,509.0101
23-07-2021,515.41,3820478,512.16,511.77,517.41,504.66
22-07-2021,511.77,4328061,510.2059,513.63,513.68,507
21-07-2021,513.63,11906793,526.13,531.05,530.99,505.61
20-07-2021,531.05,6930440,526.07,532.28,536.64,520.3
19-07-2021,532.28,3885764,526.05,530.31,534.913,522.2401
16-07-2021,530.31,3442101,541.81,542.95,544.06,527.05
15-07-2021,542.95,5713873,553.97,547.95,557.5399,538.2
14-07-2021,547.95,4659535,541.01,540.68,554.1,541.01
13-07-2021,540.68,2751593,535.76,537.31,545.33,535.76
12-07-2021,537.31,1780738,540.3,535.98,540.6497,532.92
09-07-2021,535.98,2777231,531,530.76,538.26,528.58
08-07-2021,530.76,3268988,530.93,535.96,535.5,529.09
07-07-2021,535.96,2722498,544.24,541.64,544.64,531.66
06-07-2021,541.64,2775051,533,533.98,542.86,533
02-07-2021,533.98,1980316,535.5,533.54,538.5351,529.39
01-07-2021,533.54,2805402,525.72,528.21,537.04,525.72
30-06-2021,528.21,2773445,534.0551,533.5,534.38,526.82
29-06-2021,533.5,2314647,533.55,533.03,536.13,528.57
28-06-2021,533.03,2820227,528.12,527.07,533.9399,524.56
25-06-2021,527.07,5299072,528.84,518.06,533.06,525
24-06-2021,518.06,3361202,517.96,512.74,520.96,514.4001
23-06-2021,512.74,3944782,508.48,508.82,516.63,508.2
22-06-2021,508.82,5809271,498.54,497,513.55,495.795
21-06-2021,497,5277297,501.64,500.77,502.05,492.28
18-06-2021,500.77,5197576,496.4,498.34,504.49,495.24
17-06-2021,498.34,3198273,490.25,492.41,501.8,490.15
16-06-2021,492.41,3533206,495,491.9,496.46,486.28
15-06-2021,491.9,3104073,501.23,499.89,501.23,490.4
14-06-2021,499.89,4400222,489.68,488.77,503.5,486.91
11-06-2021,488.77,3123969,490,487.27,491.41,487.78
10-06-2021,487.27,4382928,487.165,485.81,490.21,482.14
09-06-2021,485.81,3055029,494.5,492.39,496.09,484.65
08-06-2021,492.39,2374037,497,494.66,498.82,489.37
07-06-2021,494.66,2791932,492.9169,494.74,496.7,490.55
04-06-2021,494.74,3160487,492,489.43,501.86,490.95
03-06-2021,489.43,3887445,495.19,499.24,496.66,487.25
02-06-2021,499.24,2268979,499.82,499.08,503.22,495.82
01-06-2021,499.08,2482555,504.01,502.81,505.41,497.7443
28-05-2021,502.81,2911297,504.4,503.86,511.76,502.53
27-05-2021,503.86,3253773,501.8,502.36,505.1,498.54
26-05-2021,502.36,2465303,502.34,501.34,504.14,500.5
25-05-2021,501.34,2699459,506,502.9,506.365,499.22
24-05-2021,502.9,2412595,501.05,497.89,504.25,499.51
21-05-2021,497.89,3322925,503.12,501.67,505.4,497.26
20-05-2021,501.67,3721218,489.55,487.7,502.7,488.975
19-05-2021,487.7,3349930,481.625,486.28,488.57,478.54
18-05-2021,486.28,2350496,488.395,488.94,493.4778,486.1895
17-05-2021,488.94,2705249,485.59,493.37,492.71,482.81
14-05-2021,493.37,2882464,487.86,486.66,494.85,486.59
13-05-2021,486.66,2716561,489.13,484.98,490.775,482.71
12-05-2021,484.98,4121540,486.83,495.08,493.54,482.7
11-05-2021,495.08,4401000,479.75,486.69,497.99,478.63
10-05-2021,486.69,5131632,502,503.84,503.15,486.11
07-05-2021,503.84,3132786,504.62,499.55,508.55,501.12
06-05-2021,499.55,3783698,495.99,496.08,499.55,491.37
05-05-2021,496.08,3129366,504.99,503.18,507.7843,494.63
04-05-2021,503.18,4349502,510.78,509.11,511.63,496.79
03-05-2021,509.11,4091895,512.65,513.47,518.95,505.2
30-04-2021,513.47,4413242,505,509,514.55,505
29-04-2021,509,5127792,507.6,506.52,509.29,499
28-04-2021,506.52,3192983,505.2,505.55,508.395,503.34
27-04-2021,505.55,3761327,512.62,510.3,512.99,504.5808
26-04-2021,510.3,4388839,506.76,505.55,510.48,503
23-04-2021,505.55,7314659,509.01,508.78,509.7,500.7
22-04-2021,508.78,9061062,513.82,508.9,513.96,500.55
21-04-2021,508.9,22897446,508,549.57,515.46,503.6001
20-04-2021,549.57,11257648,554.42,554.44,563.56,546.3
19-04-2021,554.44,4288715,546.9,546.54,556.44,545.53
16-04-2021,546.54,3209075,550.54,549.22,551.98,539.51
15-04-2021,549.22,3139050,544.17,540.02,553.49,542.66
14-04-2021,540.02,3740294,554.87,553.73,554.87,538.53
13-04-2021,553.73,2720344,557,552.78,559.75,550.3
12-04-2021,552.78,2944060,551.05,555.31,557.98,549.58
09-04-2021,555.31,2894034,552.69,554.58,556.9,547.11
08-04-2021,554.58,4309829,551.13,546.99,556.899,547.57
07-04-2021,546.99,2151319,543.5,544.53,549.64,541.45
06-04-2021,544.53,3474205,544.81,540.67,554.165,543.3
05-04-2021,540.67,3355904,540.01,539.42,542.85,529.23
01-04-2021,539.42,3938637,529.93,521.66,540.5,527.03
31-03-2021,521.66,3503111,515.675,513.39,528.13,515.44
30-03-2021,513.39,2418129,510.505,513.95,514.41,506.91
29-03-2021,513.95,3330049,505.66,508.05,518,504.4
26-03-2021,508.05,3467797,502.82,502.86,508.72,496.68
25-03-2021,502.86,4926764,516.99,520.81,518.53,497
24-03-2021,520.81,4102211,533.78,535.09,534.42,520
23-03-2021,535.09,5583461,529.87,523.11,543.12,529.4
22-03-2021,523.11,3360587,509.13,512.18,529.31,509.13
19-03-2021,512.18,4386360,504.96,504.79,513.19,501.63
18-03-2021,504.79,4096606,516.3959,524.44,517.9,503.85
17-03-2021,524.44,2817376,522,524.03,528.3654,514.3
16-03-2021,524.03,3238888,524.47,520.25,533.42,523.21
15-03-2021,520.25,3485519,516.32,518.02,520.729,508.03
12-03-2021,518.02,3981743,512.5,523.06,526.51,506.59
11-03-2021,523.06,4714469,512.2048,504.54,530.235,510.71
10-03-2021,504.54,3771484,513.5,506.44,518.97,504.25
09-03-2021,506.44,3470042,507.31,493.33,513.11,503.8221
08-03-2021,493.33,3981758,514.46,516.39,518.84,492.85
05-03-2021,516.39,5069973,511.98,511.29,517.76,498.7901
04-03-2021,511.29,5034792,521.5,520.7,531.5,507.68
03-03-2021,520.7,5362443,545.93,547.82,548.005,517.81
02-03-2021,547.82,3042226,553.34,550.64,556.99,546.02
01-03-2021,550.64,3042180,545.5734,538.85,552.14,542
26-02-2021,538.85,3755574,546.51,546.7,553.09,538
25-02-2021,546.7,4252879,550.27,553.41,556.48,535.75
24-02-2021,553.41,3245038,539.8,546.15,556.8499,539.065
23-02-2021,546.15,4136532,525.0035,533.78,548.54,518.28
22-02-2021,533.78,3078594,534.99,540.22,541.79,530.79
19-02-2021,540.22,2841457,548,548.22,548.99,538.8132
18-02-2021,548.22,2457604,549,551.34,550,538.2265
17-02-2021,551.34,2071590,550.99,557.28,555.25,543.03
16-02-2021,557.28,2624097,557.286,556.52,563.63,552.73
12-02-2021,556.52,2197128,556.94,557.59,561.2499,550.85
11-02-2021,557.59,2730587,564.442,563.59,565.93,554.22
10-02-2021,563.59,3991264,562.5,559.07,566.65,553.463
09-02-2021,559.07,3703499,546,547.92,566,543
08-02-2021,547.92,2791721,555,550.79,555,543.7
05-02-2021,550.79,2376175,552.26,552.16,554.44,545.4778
04-02-2021,552.16,5164537,539.81,539.45,559.48,537.51
03-02-2021,539.45,3172288,550.17,548.16,550.48,538.243
02-02-2021,548.16,3767569,542.01,539.04,555.48,538.935
01-02-2021,539.04,3547507,536.79,532.39,545.06,531.73
29-01-2021,532.39,4325264,538,538.6,541,530.18
28-01-2021,538.6,5968978,535.88,523.28,553.1482,530.74
27-01-2021,523.28,8670277,550.71,561.93,556.4187,515.73
26-01-2021,561.93,5023847,554.73,556.78,567.99,554.06
25-01-2021,556.78,7207329,567,565.17,569.75,548.65
22-01-2021,565.17,7550822,582.1,579.84,583.99,564.35
21-01-2021,579.84,11840634,582.45,586.34,588.75,570.4
20-01-2021,586.34,32637450,565.42,501.77,593.2877,556.86
19-01-2021,501.77,12315813,501,497.98,509.25,493.5427
15-01-2021,497.98,5895788,500,500.86,506.32,495.1
14-01-2021,500.86,4177357,507.35,507.79,514.5,499.58
13-01-2021,507.79,5032099,495.5012,494.25,512.3542,493.01
12-01-2021,494.25,5990425,500,499.1,501.09,485.6701
11-01-2021,499.1,3812720,507.84,510.4,510.725,497.95
08-01-2021,510.4,2973949,511.31,508.89,513.24,504.51
07-01-2021,508.89,3686448,508.28,500.49,516.44,506.42
06-01-2021,500.49,5346210,511.97,520.8,513.0998,499.5
05-01-2021,520.8,3133872,521.55,522.86,526.78,515.89
04-01-2021,522.86,4444407,539,540.73,540.8,515.085
31-12-2020,540.73,5392322,525.53,524.59,545.5,523.1502
30-12-2020,524.59,1876286,530.13,530.87,533.2575,523.69
29-12-2020,530.87,4022358,519.9,519.12,536.5478,515.4801
28-12-2020,519.12,2891867,516.43,513.97,523.66,507.13
24-12-2020,513.97,1143952,515.12,514.48,519.345,512.2104
23-12-2020,514.48,2393187,524.76,527.33,526.32,514.2
22-12-2020,527.33,1908529,527.69,528.91,530.4,520.5
21-12-2020,528.91,3893964,530.05,534.45,532.62,521.15
18-12-2020,534.45,4502692,533.2,532.9,536.37,526.02
17-12-2020,532.9,3193377,529,524.83,535.49,526.44
16-12-2020,524.83,3682392,520.11,519.78,527.38,517.69
15-12-2020,519.78,3398209,518.5,522.42,524.7,513.56
14-12-2020,522.42,5770424,505.44,503.22,524.1603,501.18
11-12-2020,503.22,3210928,495,501.09,503.34,494.85
10-12-2020,501.09,3018203,494.56,493.6,503.77,492.91
09-12-2020,493.6,4178768,510.53,512.66,514.5,491.29
08-12-2020,512.66,4228950,517.9,515.78,521.4909,505.55
07-12-2020,515.78,4289293,500.01,498.31,517.76,497.77
04-12-2020,498.31,3666243,497.5,497.52,504.5,493.64
03-12-2020,497.52,2826116,502.99,503.38,508.77,496.04
02-12-2020,503.38,3028358,501.62,504.58,506.795,493.5
01-12-2020,504.58,5063234,492.3404,490.7,509.47,491.9812
30-11-2020,490.7,3530940,490.08,491.36,492.55,481.2678
27-11-2020,491.36,2805762,486.58,485,493.25,481.845
25-11-2020,485,3598629,485.13,482.88,486.9,478.919
24-11-2020,482.88,3557894,478.84,476.62,484.05,475.89
23-11-2020,476.62,5416571,490.46,488.24,491.15,475.84
20-11-2020,488.24,4255924,485.22,484.67,494.76,481.57
19-11-2020,484.67,2254653,482,481.79,487.8,480.47
18-11-2020,481.79,3629237,481.95,480.63,488.61,477.7212
17-11-2020,480.63,3698082,480.12,479.1,487.51,478.8525
16-11-2020,479.1,3953563,480,482.84,485.58,477.3
13-11-2020,482.84,3006510,486.77,486.77,488.94,477.8
12-11-2020,486.77,5071155,491,490.76,496.52,480.4255
11-11-2020,490.76,5460532,483,480.24,491.68,478.26
10-11-2020,480.24,8306142,470.95,470.5,484.6,463.41
09-11-2020,470.5,10419676,485.54,514.73,495.85,467.26
06-11-2020,514.73,4236349,515,513.76,515.21,502.51
05-11-2020,513.76,5372781,506.56,496.95,518.7337,503.45
04-11-2020,496.95,5137330,495.36,487.22,507.73,493.98
03-11-2020,487.22,3690213,484.93,484.12,495.305,478.76
02-11-2020,484.12,4408193,478.87,475.74,486.3,475
30-10-2020,475.74,7813897,502.01,504.21,505.88,472.21
29-10-2020,504.21,11120689,488.5,486.24,513.8999,479.34
28-10-2020,486.24,5992731,486.36,488.93,494,483.28
27-10-2020,488.93,3627175,490.01,488.24,490.49,482.93
26-10-2020,488.24,6186087,487.025,488.28,496.82,478.9
23-10-2020,488.28,4927862,488.11,485.23,490.06,481.35
22-10-2020,485.23,6997922,494.69,489.05,495.14,482
21-10-2020,489.05,17405708,501.03,525.42,506.85,488.25
20-10-2020,525.42,10047175,528.14,530.72,533.78,522.26
19-10-2020,530.72,7567506,537.07,530.79,541.8,525.38
16-10-2020,530.79,6347363,549.5,541.94,554.33,530.03
15-10-2020,541.94,5113126,545.52,541.45,551.22,535.1
14-10-2020,541.45,9510081,562.61,554.09,572.49,541
13-10-2020,554.09,5602498,540.56,539.81,557.65,537.2
12-10-2020,539.81,5391074,548.81,539.44,551.81,538.24
09-10-2020,539.44,4781259,537.8339,531.79,544.28,535
08-10-2020,531.79,5386488,533.48,534.66,535,524.15
07-10-2020,534.66,7988683,518,505.87,536.49,515.815
06-10-2020,505.87,4199034,518.72,520.65,521.82,504.16
05-10-2020,520.65,4088069,506.8,503.06,520.99,501.6997
02-10-2020,503.06,6071165,516.43,527.51,526.3714,502.7
01-10-2020,527.51,8153710,506.03,500.03,529.55,503.6
30-09-2020,500.03,4634111,492.57,493.48,504.63,489.2704
29-09-2020,493.48,3543193,489.5,490.65,496.2868,486.53
28-09-2020,490.65,4773497,489.1094,482.88,492,477.88
25-09-2020,482.88,3769436,474.39,473.08,484.87,468.0258
24-09-2020,473.08,3727201,470.53,470.61,477,467.82
23-09-2020,470.61,3726423,491.04,491.17,491.04,469
22-09-2020,491.17,3482324,489.01,487.35,491.82,479.26
21-09-2020,487.35,5457539,467.6923,469.96,487.775,466.32
18-09-2020,469.96,6717711,472.51,470.2,479.4,458.6
17-09-2020,470.2,5379301,475.16,483.86,478.4,463.27
16-09-2020,483.86,4401412,499.99,495.99,504.66,483.31
15-09-2020,495.99,5336992,484,476.26,497.47,481.63
14-09-2020,476.26,7359126,480.62,482.03,488.99,471.3001
11-09-2020,482.03,5035200,486.485,480.67,493.73,476.81
10-09-2020,480.67,6240181,503.35,500.19,506.29,478.84
09-09-2020,500.19,6848127,519.21,507.02,520,492.5743
08-09-2020,507.02,5572684,498.4,516.05,522,495
04-09-2020,516.05,8270118,520.18,525.75,527.36,485.98
03-09-2020,525.75,9071089,545,552.84,554,521.32
02-09-2020,552.84,5886930,553.78,556.55,556.5,537.369
01-09-2020,556.55,9581907,532.6,529.56,557.3895,532.45
31-08-2020,529.56,4941409,521.16,523.89,531.99,517.58
28-08-2020,523.89,4417517,532,526.27,539,522
27-08-2020,526.27,9062912,537.775,547.53,541,521.2471
26-08-2020,547.53,20373680,492.5,490.58,549.04,492.075
25-08-2020,490.58,5727721,488.19,488.81,492.47,485.09
24-08-2020,488.81,4762183,495.4383,492.31,501,483.16
21-08-2020,492.31,3921293,496.46,497.9,498.13,490
20-08-2020,497.9,5132480,484.69,484.53,498.94,483.89
19-08-2020,484.53,3156218,493.93,491.87,494.4985,483.5
18-08-2020,491.87,3505518,484.35,482.35,495.3,482.8
17-08-2020,482.35,2423545,484.19,482.68,486.24,479.1
14-08-2020,482.68,2943487,482.82,481.33,488.325,480.21
13-08-2020,481.33,3008933,478.4,475.47,484.45,476.45
12-08-2020,475.47,5441243,471.34,466.93,482.49,470.18
11-08-2020,466.93,7329226,479.75,483.38,480.92,466.55
10-08-2020,483.38,4691185,493.35,494.73,497.4584,478.6269
07-08-2020,494.73,5910348,505.45,509.08,508.29,486.68
06-08-2020,509.08,3725861,504.11,502.11,510.82,498.7
05-08-2020,502.11,4313526,508.68,509.64,510.1021,501.2
04-08-2020,509.64,5607968,498.65,498.62,510.4436,498.65
03-08-2020,498.62,5876190,490.86,488.88,503.09,490.23
31-07-2020,488.88,5924310,488.29,485.8,494.8,484.5
30-07-2020,485.8,6608569,480.7072,484.48,488.35,477.5101
29-07-2020,484.48,6611769,492.25,488.51,494.92,484.13
28-07-2020,488.51,5986727,496.02,495.65,497.7927,487.7601
27-07-2020,495.65,7863069,484.51,480.45,496.92,482.31
24-07-2020,480.45,7746247,468.77,477.58,487.17,467.54
23-07-2020,477.58,7722034,491.13,489.82,491.9,472.0201
22-07-2020,489.82,6954078,492.19,490.1,497.2,487.2
21-07-2020,490.1,9127218,506,502.41,506.22,488.61
20-07-2020,502.41,11940306,489.14,492.99,504.5,484.2001
17-07-2020,492.99,24991352,494.87,527.39,503.59,484.14
16-07-2020,527.39,24498994,526.48,523.26,535.54,504.3627
15-07-2020,523.26,10066652,516.3,524.88,529,510.18
14-07-2020,524.88,15083300,517.08,525.5,525.5,490.49
13-07-2020,525.5,18399020,567.98,548.73,575.37,520.96
10-07-2020,548.73,21605588,519.73,507.76,555.8799,511.28
09-07-2020,507.76,5840541,508.4,502.78,510,495.78
08-07-2020,502.78,5691682,498.5755,493.16,505.1,493.81
07-07-2020,493.16,5669870,497.3105,493.81,504.82,490.83
06-07-2020,493.81,7838990,480.77,476.89,499.5,479.8
02-07-2020,476.89,6351485,485.64,485.64,492.28,475.5258
01-07-2020,485.64,9705870,454,455.04,488.23,454
30-06-2020,455.04,4198545,450.02,447.24,457.59,447
29-06-2020,447.24,4843978,445.23,443.4,447.67,432.14
26-06-2020,443.4,6804726,466.39,465.91,468.03,442.24
25-06-2020,465.91,4134513,458.86,457.85,467.01,454
24-06-2020,457.85,4826191,468.54,466.26,472.36,454
23-06-2020,466.26,5948436,466.5,468.04,474.01,464.5
22-06-2020,468.04,6272105,455.01,453.72,468.59,454.21
19-06-2020,453.72,5933651,449.12,449.87,453.97,445.6
18-06-2020,449.87,4277627,448.73,447.77,452.76,442.8
17-06-2020,447.77,6529568,441.82,436.13,450.46,439.22
16-06-2020,436.13,5514016,425.76,425.5,437.96,425.18
15-06-2020,425.5,4471499,421.4,418.07,426.49,415.4238
12-06-2020,418.07,6461127,429,425.56,434.06,412.45
11-06-2020,425.56,7462868,428.2,434.48,445.57,424.1601
10-06-2020,434.48,4896893,436,434.05,439.69,430.55
09-06-2020,434.05,6796999,421.65,419.49,434.73,420.31
08-06-2020,419.49,5851453,416,419.6,420.8,406.5
05-06-2020,419.6,5099561,407.29,414.33,420.2392,404.25
04-06-2020,414.33,5410529,422.39,421.97,428.71,410.03
03-06-2020,421.97,4316044,426.95,427.31,427.1,418.05
02-06-2020,427.31,3494801,425.87,425.92,427.59,419.46
01-06-2020,425.92,3748573,418.83,419.73,426.72,415.98
29-05-2020,419.73,5270484,417.46,413.44,420.295,411.85
28-05-2020,413.44,5660160,417.24,419.89,422.3717,411.5
27-05-2020,419.89,10446339,410.38,414.77,420.02,397.86
26-05-2020,414.77,7881115,427.77,429.32,428.5,413.14
22-05-2020,429.32,5422334,437,436.25,439.09,427.18
21-05-2020,436.25,9117325,448.56,447.67,448.96,430.25
20-05-2020,447.67,5607257,454.25,451.04,455.81,444
19-05-2020,451.04,4810487,453.3965,452.58,458.97,450.465
18-05-2020,452.58,7780309,451.16,454.19,456.36,443.35
15-05-2020,454.19,7243998,440.7,441.95,455,437.51
14-05-2020,441.95,9007467,444.9,438.27,452.38,432.82
13-05-2020,438.27,7014563,435.69,431.82,447,427.27
12-05-2020,431.82,4598211,442,440.52,444.17,431.36
11-05-2020,440.52,5486037,436.33,435.55,444.8899,435.56
08-05-2020,435.55,5054308,434.14,436.53,442,433.6389
07-05-2020,436.53,5650281,436.89,434.26,438.88,430.66
06-05-2020,434.26,6660737,429.3,424.68,439.77,426.385
05-05-2020,424.68,6286293,427.555,428.15,431,421.56
04-05-2020,428.15,7799058,417.78,415.27,428.54,414.87
01-05-2020,415.27,8299858,415.1,419.85,427.97,411.73
30-04-2020,419.85,7953975,410.31,411.89,424.44,408
29-04-2020,411.89,9693137,399.53,403.83,415.86,393.6
28-04-2020,403.83,10101233,419.99,421.38,421,402.9101
27-04-2020,421.38,6277480,425,424.99,429,420.84
24-04-2020,424.99,8670362,425,426.7,427.17,415.88
23-04-2020,426.7,13952330,419.26,421.42,438.413,419.26
22-04-2020,421.42,21123772,429.725,433.83,433,413
21-04-2020,433.83,23177550,444.77,437.49,447,425.6
20-04-2020,437.49,12655818,435.17,422.96,444.49,430.56
17-04-2020,422.96,12616258,431,439.17,432,414.695
16-04-2020,439.17,16128666,437,426.75,449.52,431.61
15-04-2020,426.75,13561222,413,413.55,434.98,412.25
14-04-2020,413.55,11580983,397.5,396.72,417.82,394.8468
13-04-2020,396.72,11692922,371.31,370.72,400.51,367.7003
09-04-2020,370.72,7711296,371.06,371.12,372.1,363.03
08-04-2020,371.12,6908879,374.01,372.28,378.39,368.31
07-04-2020,372.28,7046438,380,379.96,381.33,369.34
06-04-2020,379.96,8183921,365.22,361.76,380.29,361.71
03-04-2020,361.76,4860768,367.47,370.08,370.9,357.51
02-04-2020,370.08,4592477,364.08,364.08,370.99,360.06
01-04-2020,364.08,6672454,376.05,375.5,380.233,361.02
31-03-2020,375.5,9366464,367.93,370.96,383.01,366.44
30-03-2020,370.96,8621964,363,357.12,377.8,361.17
27-03-2020,357.12,7948775,359.09,362.99,368.56,353
26-03-2020,362.99,7235016,344,342.39,363.84,341.73
25-03-2020,342.39,8767171,361.02,357.32,362,339.17
24-03-2020,357.32,11638683,369.99,360.27,372.93,353.0301
23-03-2020,360.27,13449378,347.89,332.83,366.11,340.8838
20-03-2020,332.83,10853846,342.31,332.03,350.49,332
